{
  "model_name": "lenet",
  "overall_accuracy": 0.7479674796747967,
  "class_accuracies": {
    "Rest": 0.9682539682539683,
    "Elbow": 0.6767676767676768,
    "Hand": 0.6666666666666666
  },
  "confusion_matrix": [
    [
      61,
      2,
      0
    ],
    [
      6,
      67,
      26
    ],
    [
      1,
      27,
      56
    ]
  ],
  "class_names": [
    "Rest",
    "Elbow",
    "Hand"
  ],
  "num_samples": 246
}