{
  "model_name": "lenet",
  "overall_accuracy": 0.31097560975609756,
  "class_accuracies": {
    "Rest": 0.6585365853658537,
    "Elbow": 0.0,
    "Hand": 0.42857142857142855
  },
  "confusion_matrix": [
    [
      27,
      0,
      14
    ],
    [
      40,
      0,
      27
    ],
    [
      32,
      0,
      24
    ]
  ],
  "class_names": [
    "Rest",
    "Elbow",
    "Hand"
  ],
  "num_samples": 164
}